time_s,adc_raw,voltage
0.0000,1006,3.2452
0.0085,1002,3.2323
0.0129,0,0.0000
0.0172,587,1.8935
0.0239,1004,3.2387
0.0283,1004,3.2387
0.0326,0,0.0000
0.0368,240,0.7742
0.0410,1004,3.2387
0.0452,1005,3.2419
0.0494,762,2.4581
0.0535,0,0.0000
0.0577,964,3.1097
0.0619,1006,3.2452
0.0661,1004,3.2387
0.0703,269,0.8677
0.0744,0,0.0000
0.0786,1004,3.2387
0.0828,1007,3.2484
0.0870,1004,3.2387
0.0912,0,0.0000
0.0954,0,0.0000
0.0996,1005,3.2419
0.1038,1005,3.2419
0.1079,1003,3.2355
0.1121,0,0.0000
0.1163,0,0.0000
0.1205,1004,3.2387
0.1247,1004,3.2387
0.1289,892,2.8774
0.1330,0,0.0000
0.1372,871,2.8097
0.1414,1005,3.2419
0.1456,1006,3.2452
0.1498,600,1.9355
0.1540,0,0.0000
0.1582,1003,3.2355
0.1623,1005,3.2419
0.1665,1004,3.2387
0.1707,0,0.0000
0.1749,0,0.0000
0.1791,1004,3.2387
0.1832,1006,3.2452
0.1874,1006,3.2452
0.1916,0,0.0000
0.1958,0,0.0000
0.2000,1005,3.2419
0.2042,1006,3.2452
0.2084,1000,3.2258
0.2126,0,0.0000
0.2167,146,0.4710
0.2209,1005,3.2419
0.2251,1007,3.2484
0.2293,617,1.9903
0.2335,0,0.0000
0.2377,635,2.0484
0.2418,1006,3.2452
0.2460,1007,3.2484
0.2502,11,0.0355
0.2544,0,0.0000
0.2586,1004,3.2387
0.2628,1005,3.2419
0.2670,1005,3.2419
0.2712,0,0.0000
0.2753,0,0.0000
0.2795,1007,3.2484
0.2837,1006,3.2452
0.2879,1002,3.2323
0.2921,0,0.0000
0.2962,132,0.4258
0.3004,1007,3.2484
0.3046,1005,3.2419
0.3088,886,2.8581
0.3130,0,0.0000
0.3172,678,2.1871
0.3213,1007,3.2484
0.3255,1005,3.2419
0.3297,408,1.3161
0.3339,0,0.0000
0.3381,1002,3.2323
0.3422,1006,3.2452
0.3464,1004,3.2387
0.3506,0,0.0000
0.3548,0,0.0000
0.3590,1004,3.2387
0.3632,1003,3.2355
0.3673,1006,3.2452
0.3715,0,0.0000
0.3757,0,0.0000
0.3799,1005,3.2419
0.3841,1006,3.2452
0.3883,979,3.1581
0.3924,0,0.0000
0.3966,244,0.7871
0.4008,1006,3.2452
0.4050,1006,3.2452
0.4092,604,1.9484
0.4134,0,0.0000
0.4176,739,2.3839
0.4217,1006,3.2452
0.4259,1006,3.2452
0.4301,0,0.0000
0.4343,0,0.0000
0.4385,1004,3.2387
0.4426,1006,3.2452
0.4468,1004,3.2387
0.4510,0,0.0000
0.4552,0,0.0000
0.4594,1006,3.2452
0.4636,1004,3.2387
0.4678,1003,3.2355
0.4720,0,0.0000
0.4762,655,2.1129
0.4803,1004,3.2387
0.4845,1005,3.2419
0.4887,995,3.2097
0.4930,0,0.0000
0.4972,842,2.7161
0.5014,1006,3.2452
0.5057,1005,3.2419
0.5100,157,0.5065
0.5142,0,0.0000
0.5184,1006,3.2452
0.5227,1005,3.2419
0.5269,1004,3.2387
0.5312,0,0.0000
0.5354,133,0.4290
0.5397,1006,3.2452
0.5439,1005,3.2419
0.5482,1001,3.2290
0.5525,0,0.0000
0.5568,500,1.6129
0.5610,1006,3.2452
0.5652,1004,3.2387
0.5695,317,1.0226
0.5738,0,0.0000
0.5780,1005,3.2419
0.5823,1004,3.2387
0.5865,1006,3.2452
0.5908,0,0.0000
0.5951,0,0.0000
0.5993,1006,3.2452
0.6036,1005,3.2419
0.6079,1003,3.2355
0.6123,0,0.0000
0.6166,339,1.0935
0.6209,1006,3.2452
0.6252,1005,3.2419
0.6295,294,0.9484
0.6338,0,0.0000
0.6381,1005,3.2419
0.6424,1005,3.2419
0.6467,1005,3.2419
0.6511,0,0.0000
0.6554,0,0.0000
0.6597,1007,3.2484
0.6640,1007,3.2484
0.6683,900,2.9032
0.6726,0,0.0000
0.6769,427,1.3774
0.6812,1005,3.2419
0.6855,1006,3.2452
0.6898,0,0.0000
0.6941,0,0.0000
0.6984,1005,3.2419
0.7027,1005,3.2419
0.7070,1004,3.2387
0.7113,0,0.0000
0.7156,0,0.0000
0.7199,1006,3.2452
0.7242,1005,3.2419
0.7285,758,2.4452
0.7328,0,0.0000
0.7372,645,2.0806
0.7414,1007,3.2484
0.7457,1002,3.2323
0.7501,0,0.0000
0.7544,0,0.0000
0.7587,1004,3.2387
0.7630,1007,3.2484
0.7673,1005,3.2419
0.7715,0,0.0000
0.7759,32,0.1032
0.7802,1004,3.2387
0.7845,1006,3.2452
0.7888,551,1.7774
0.7931,0,0.0000
0.7974,960,3.0968
0.8017,1006,3.2452
0.8060,1004,3.2387
0.8103,0,0.0000
0.8146,0,0.0000
0.8189,1006,3.2452
0.8232,1006,3.2452
0.8275,1005,3.2419
0.8318,0,0.0000
0.8361,265,0.8548
0.8404,1006,3.2452
0.8447,1007,3.2484
0.8490,464,1.4968
0.8533,0,0.0000
0.8576,1003,3.2355
0.8619,1005,3.2419
0.8662,1004,3.2387
0.8705,0,0.0000
0.8748,0,0.0000
0.8792,1006,3.2452
0.8834,1004,3.2387
0.8877,983,3.1710
0.8920,0,0.0000
0.8964,411,1.3258
0.9007,1005,3.2419
0.9050,1004,3.2387
0.9094,223,0.7194
0.9136,0,0.0000
0.9179,1007,3.2484
0.9223,1007,3.2484
0.9265,1006,3.2452
0.9308,0,0.0000
0.9351,0,0.0000
0.9395,1006,3.2452
0.9438,1006,3.2452
0.9481,843,2.7194
0.9524,0,0.0000
0.9567,486,1.5677
0.9610,1006,3.2452
0.9653,1006,3.2452
0.9696,0,0.0000
0.9739,0,0.0000
0.9782,1005,3.2419
0.9825,1004,3.2387
0.9868,1004,3.2387
0.9911,0,0.0000
0.9954,0,0.0000
0.9997,1006,3.2452
1.0041,1006,3.2452
1.0084,656,2.1161
1.0127,0,0.0000
1.0169,745,2.4032
1.0213,1007,3.2484
1.0256,1004,3.2387
1.0299,0,0.0000
1.0342,0,0.0000
1.0385,1006,3.2452
1.0428,1005,3.2419
1.0471,1004,3.2387
1.0514,0,0.0000
1.0557,214,0.6903
1.0600,1005,3.2419
1.0643,1004,3.2387
1.0686,566,1.8258
1.0729,0,0.0000
1.0772,1006,3.2452
1.0815,1005,3.2419
1.0858,1005,3.2419
1.0901,0,0.0000
1.0944,0,0.0000
1.0987,1007,3.2484
1.1030,1007,3.2484
1.1073,1004,3.2387
1.1116,0,0.0000
1.1159,244,0.7871
1.1202,1006,3.2452
1.1245,1006,3.2452
1.1288,420,1.3548
1.1331,0,0.0000
1.1374,1004,3.2387
1.1417,1007,3.2484
1.1460,1006,3.2452
1.1503,0,0.0000
1.1546,0,0.0000
1.1589,1006,3.2452
1.1632,1005,3.2419
1.1675,994,3.2065
1.1718,0,0.0000
1.1761,306,0.9871
1.1804,1005,3.2419
1.1847,1005,3.2419
1.1890,183,0.5903
1.1933,0,0.0000
1.1976,1006,3.2452
1.2019,1007,3.2484
1.2063,1005,3.2419
1.2106,0,0.0000
1.2148,0,0.0000
1.2191,1004,3.2387
1.2234,1006,3.2452
1.2277,903,2.9129
1.2321,0,0.0000
1.2364,506,1.6323
1.2406,1006,3.2452
1.2449,1007,3.2484
1.2493,0,0.0000
1.2536,0,0.0000
1.2579,1005,3.2419
1.2622,1004,3.2387
1.2665,1006,3.2452
1.2708,0,0.0000
1.2751,0,0.0000
1.2795,1007,3.2484
1.2838,1006,3.2452
1.2881,722,2.3290
1.2924,0,0.0000
1.2967,739,2.3839
1.3009,1008,3.2516
1.3053,1005,3.2419
1.3096,0,0.0000
1.3139,0,0.0000
1.3182,1005,3.2419
1.3225,1006,3.2452
1.3268,1005,3.2419
1.3311,0,0.0000
1.3354,49,0.1581
1.3397,1005,3.2419
1.3440,1006,3.2452
1.3483,471,1.5194
1.3526,0,0.0000
1.3570,920,2.9677
1.3613,1005,3.2419
1.3655,1005,3.2419
1.3698,0,0.0000
1.3742,0,0.0000
1.3785,1006,3.2452
1.3827,1006,3.2452
1.3871,1003,3.2355
1.3914,0,0.0000
1.3957,276,0.8903
1.4000,1004,3.2387
1.4043,1006,3.2452
1.4086,357,1.1516
1.4129,0,0.0000
1.4172,1004,3.2387
1.4215,1006,3.2452
1.4258,1005,3.2419
1.4301,0,0.0000
1.4344,292,0.9419
1.4387,1006,3.2452
1.4430,1004,3.2387
1.4472,1004,3.2387
1.4515,0,0.0000
1.4559,915,2.9516
1.4602,1006,3.2452
1.4645,1005,3.2419
1.4688,440,1.4194
1.4731,0,0.0000
1.4774,1006,3.2452
1.4817,1007,3.2484
1.4860,1005,3.2419
1.4903,0,0.0000
1.4946,194,0.6258
1.4989,1006,3.2452
1.5032,1005,3.2419
1.5075,1000,3.2258
1.5118,0,0.0000
1.5161,785,2.5323
1.5204,1004,3.2387
1.5247,1006,3.2452
1.5290,89,0.2871
1.5333,0,0.0000
1.5376,1006,3.2452
1.5418,1004,3.2387
1.5462,1006,3.2452
1.5505,0,0.0000
1.5548,0,0.0000
1.5591,1006,3.2452
1.5634,1004,3.2387
1.5677,787,2.5387
1.5720,0,0.0000
1.5763,648,2.0903
1.5806,1005,3.2419
1.5849,1006,3.2452
1.5892,0,0.0000
1.5935,0,0.0000
1.5978,1006,3.2452
1.6022,1005,3.2419
1.6065,1003,3.2355
1.6108,0,0.0000
1.6151,73,0.2355
1.6194,1007,3.2484
1.6237,1006,3.2452
1.6281,541,1.7452
1.6324,0,0.0000
1.6367,989,3.1903
1.6410,1005,3.2419
1.6453,1006,3.2452
1.6497,0,0.0000
1.6540,0,0.0000
1.6583,1005,3.2419
1.6626,1005,3.2419
1.6669,998,3.2194
1.6712,0,0.0000
1.6755,313,1.0097
1.6798,1007,3.2484
1.6841,1004,3.2387
1.6884,269,0.8677
1.6927,0,0.0000
1.6970,1004,3.2387
1.7013,1007,3.2484
1.7056,1006,3.2452
1.7100,0,0.0000
1.7143,0,0.0000
1.7186,1007,3.2484
1.7229,1004,3.2387
1.7272,905,2.9194
1.7315,0,0.0000
1.7358,365,1.1774
1.7401,1006,3.2452
1.7444,1006,3.2452
1.7487,0,0.0000
1.7530,0,0.0000
1.7573,1004,3.2387
1.7616,1006,3.2452
1.7659,1003,3.2355
1.7702,0,0.0000
1.7745,0,0.0000
1.7788,1007,3.2484
1.7831,1004,3.2387
1.7874,851,2.7452
1.7917,0,0.0000
1.7960,1005,3.2419
1.8003,1006,3.2452
1.8046,1004,3.2387
1.8089,83,0.2677
1.8132,0,0.0000
1.8175,1005,3.2419
1.8219,1005,3.2419
1.8262,1004,3.2387
1.8305,0,0.0000
1.8347,2,0.0065
1.8391,1006,3.2452
1.8434,1005,3.2419
1.8477,655,2.1129
1.8527,0,0.0000
1.8571,1006,3.2452
1.8614,1006,3.2452
1.8657,1005,3.2419
1.8701,0,0.0000
1.8743,0,0.0000
1.8786,1005,3.2419
1.8829,1007,3.2484
1.8873,850,2.7419
1.8915,0,0.0000
1.8958,512,1.6516
1.9002,1006,3.2452
1.9045,1006,3.2452
1.9088,0,0.0000
1.9131,0,0.0000
1.9174,1004,3.2387
1.9217,1005,3.2419
1.9261,1005,3.2419
1.9304,0,0.0000
1.9346,0,0.0000
1.9389,1006,3.2452
1.9433,1004,3.2387
1.9476,639,2.0613
1.9518,0,0.0000
1.9561,1005,3.2419
1.9605,1006,3.2452
1.9648,1006,3.2452
1.9691,0,0.0000
1.9734,0,0.0000
1.9777,1007,3.2484
1.9819,1005,3.2419
1.9863,1003,3.2355
1.9906,0,0.0000
1.9948,142,0.4581
1.9992,1007,3.2484
2.0035,1006,3.2452
2.0078,512,1.6516
2.0121,0,0.0000
2.0164,1005,3.2419
2.0207,1007,3.2484
2.0250,1005,3.2419
2.0293,0,0.0000
2.0336,0,0.0000
2.0379,1005,3.2419
2.0422,1006,3.2452
2.0465,1004,3.2387
2.0508,0,0.0000
2.0551,249,0.8032
2.0594,1005,3.2419
2.0637,1005,3.2419
2.0680,276,0.8903
2.0723,0,0.0000
2.0766,1005,3.2419
2.0809,1006,3.2452
2.0852,1006,3.2452
2.0896,0,0.0000
2.0939,277,0.8935
2.0982,1007,3.2484
2.1025,1005,3.2419
2.1068,1002,3.2323
2.1112,0,0.0000
2.1155,754,2.4323
2.1198,1005,3.2419
2.1241,1005,3.2419
2.1284,155,0.5000
2.1327,0,0.0000
2.1370,1006,3.2452
2.1413,1005,3.2419
2.1456,1005,3.2419
2.1499,0,0.0000
2.1542,115,0.3710
2.1585,1004,3.2387
2.1628,1006,3.2452
2.1671,904,2.9161
2.1714,0,0.0000
2.1757,703,2.2677
2.1800,1006,3.2452
2.1843,1007,3.2484
2.1886,0,0.0000
2.1929,0,0.0000
2.1972,1005,3.2419
2.2015,1005,3.2419
2.2058,1004,3.2387
2.2101,0,0.0000
2.2144,30,0.0968
2.2187,1006,3.2452
2.2231,1006,3.2452
2.2273,599,1.9323
2.2317,0,0.0000
2.2359,1005,3.2419
2.2403,1006,3.2452
2.2446,1004,3.2387
2.2488,0,0.0000
2.2532,0,0.0000
2.2575,1005,3.2419
2.2618,1005,3.2419
2.2661,1003,3.2355
2.2704,0,0.0000
2.2747,233,0.7516
2.2790,1005,3.2419
2.2833,1002,3.2323
2.2876,489,1.5774
2.2919,0,0.0000
2.2962,1004,3.2387
2.3005,1005,3.2419
2.3048,1006,3.2452
2.3091,0,0.0000
2.3134,0,0.0000
2.3177,1005,3.2419
2.3220,1005,3.2419
2.3263,999,3.2226
2.3306,0,0.0000
2.3349,667,2.1516
2.3392,1005,3.2419
2.3435,1004,3.2387
2.3478,463,1.4935
2.3521,0,0.0000
2.3565,1007,3.2484
2.3607,1005,3.2419
2.3651,1005,3.2419
2.3694,0,0.0000
2.3737,0,0.0000
2.3780,1006,3.2452
2.3823,1006,3.2452
2.3866,950,3.0645
2.3908,0,0.0000
2.3952,1004,3.2387
2.3995,1006,3.2452
2.4038,1007,3.2484
2.4081,328,1.0581
2.4124,0,0.0000
2.4168,1006,3.2452
2.4211,1006,3.2452
2.4254,1005,3.2419
2.4296,0,0.0000
2.4339,0,0.0000
2.4383,1006,3.2452
2.4426,1004,3.2387
2.4468,782,2.5226
2.4512,0,0.0000
2.4555,944,3.0452
2.4598,1006,3.2452
2.4641,1006,3.2452
2.4684,0,0.0000
2.4727,0,0.0000
2.4770,1007,3.2484
2.4813,1006,3.2452
2.4856,1004,3.2387
2.4899,0,0.0000
2.4942,360,1.1613
2.4985,1006,3.2452
2.5028,1005,3.2419
2.5071,751,2.4226
2.5114,0,0.0000
2.5157,955,3.0806
2.5201,1004,3.2387
2.5244,1006,3.2452
2.5286,0,0.0000
2.5329,0,0.0000
2.5373,1005,3.2419
2.5416,1007,3.2484
2.5458,1003,3.2355
2.5501,0,0.0000
2.5544,97,0.3129
2.5587,1006,3.2452
2.5631,1005,3.2419
2.5674,319,1.0290
2.5717,0,0.0000
2.5760,970,3.1290
2.5803,1005,3.2419
2.5846,1004,3.2387
2.5888,0,0.0000
2.5931,0,0.0000
2.5974,1004,3.2387
2.6018,1005,3.2419
2.6061,997,3.2161
2.6104,0,0.0000
2.6146,253,0.8161
2.6190,1006,3.2452
2.6233,1004,3.2387
2.6276,208,0.6710
2.6319,0,0.0000
2.6362,1005,3.2419
2.6405,1006,3.2452
2.6448,1004,3.2387
2.6491,0,0.0000
2.6534,0,0.0000
2.6577,1004,3.2387
2.6620,1004,3.2387
2.6663,948,3.0581
2.6706,0,0.0000
2.6749,505,1.6290
2.6792,1005,3.2419
2.6836,1005,3.2419
2.6879,27,0.0871
2.6922,0,0.0000
2.6965,1006,3.2452
2.7008,1006,3.2452
2.7051,1005,3.2419
2.7094,0,0.0000
2.7137,0,0.0000
2.7180,1004,3.2387
2.7223,1006,3.2452
2.7266,715,2.3065
2.7309,0,0.0000
2.7352,785,2.5323
2.7396,1006,3.2452
2.7439,1004,3.2387
2.7482,0,0.0000
2.7525,0,0.0000
2.7568,1004,3.2387
2.7611,1005,3.2419
2.7654,1005,3.2419
2.7697,0,0.0000
2.7741,100,0.3226
2.7783,1005,3.2419
2.7826,1006,3.2452
2.7869,506,1.6323
2.7912,0,0.0000
2.7955,1004,3.2387
2.7998,1007,3.2484
2.8042,1006,3.2452
2.8084,0,0.0000
2.8128,0,0.0000
2.8171,1004,3.2387
2.8214,1006,3.2452
2.8257,1005,3.2419
2.8300,0,0.0000
2.8343,302,0.9742
2.8386,1006,3.2452
2.8429,1006,3.2452
2.8472,369,1.1903
2.8515,0,0.0000
2.8558,1005,3.2419
2.8601,1005,3.2419
2.8644,1004,3.2387
2.8688,0,0.0000
2.8731,0,0.0000
2.8774,1006,3.2452
2.8816,1005,3.2419
2.8860,1000,3.2258
2.8903,0,0.0000
2.8945,397,1.2806
2.8988,1006,3.2452
2.9032,1005,3.2419
2.9075,190,0.6129
2.9118,0,0.0000
2.9161,1006,3.2452
2.9204,1005,3.2419
2.9247,1006,3.2452
2.9290,0,0.0000
2.9333,149,0.4806
2.9375,1006,3.2452
2.9418,1001,3.2290
2.9461,998,3.2194
2.9504,0,0.0000
2.9547,717,2.3129
2.9591,1007,3.2484
2.9633,1006,3.2452
2.9677,2,0.0065
2.9720,0,0.0000
2.9763,1005,3.2419
2.9806,1006,3.2452
2.9849,1006,3.2452
2.9892,0,0.0000
2.9935,216,0.6968
2.9978,1006,3.2452
3.0021,1006,3.2452
3.0064,851,2.7452
3.0107,0,0.0000
3.0150,725,2.3387
3.0193,1006,3.2452
3.0236,1005,3.2419
3.0279,0,0.0000
3.0323,0,0.0000
3.0365,1005,3.2419
3.0408,1006,3.2452
3.0451,1004,3.2387
3.0495,0,0.0000
3.0538,257,0.8290
3.0581,1006,3.2452
3.0624,1005,3.2419
3.0667,668,2.1548
3.0710,0,0.0000
3.0753,1006,3.2452
3.0796,1006,3.2452
3.0839,1006,3.2452
3.0883,0,0.0000
3.0926,0,0.0000
3.0969,1006,3.2452
3.1012,1006,3.2452
3.1055,1004,3.2387
3.1098,0,0.0000
3.1142,510,1.6452
3.1185,1004,3.2387
3.1228,1007,3.2484
3.1271,389,1.2548
3.1314,0,0.0000
3.1357,1006,3.2452
3.1400,1004,3.2387
3.1442,1006,3.2452
3.1485,0,0.0000
3.1529,0,0.0000
3.1572,1005,3.2419
3.1615,1005,3.2419
3.1658,939,3.0290
3.1701,0,0.0000
3.1744,433,1.3968
3.1787,1005,3.2419
3.1830,1006,3.2452
3.1873,51,0.1645
3.1916,0,0.0000
3.1959,1006,3.2452
3.2002,1006,3.2452
3.2045,1005,3.2419
3.2088,0,0.0000
3.2131,0,0.0000
3.2174,1006,3.2452
3.2217,1006,3.2452
3.2261,777,2.5065
3.2304,0,0.0000
3.2347,624,2.0129
3.2390,1005,3.2419
3.2432,1006,3.2452
3.2475,0,0.0000
3.2518,0,0.0000
3.2562,1007,3.2484
3.2604,1005,3.2419
3.2647,1004,3.2387
3.2690,0,0.0000
3.2734,893,2.8806
3.2777,1004,3.2387
3.2820,1006,3.2452
3.2862,963,3.1065
3.2905,0,0.0000
3.2948,1006,3.2452
3.2991,1006,3.2452
3.3034,1007,3.2484
3.3077,15,0.0484
3.3121,0,0.0000
3.3164,1004,3.2387
3.3207,1007,3.2484
3.3250,1005,3.2419
3.3293,0,0.0000
3.3335,125,0.4032
3.3379,1004,3.2387
3.3422,1005,3.2419
3.3465,541,1.7452
3.3508,0,0.0000
3.3551,1005,3.2419
3.3594,1007,3.2484
3.3637,1006,3.2452
3.3680,0,0.0000
3.3723,0,0.0000
3.3766,1006,3.2452
3.3809,1006,3.2452
3.3852,1001,3.2290
3.3895,0,0.0000
3.3938,359,1.1581
3.3981,1006,3.2452
3.4024,1005,3.2419
3.4067,380,1.2258
3.4110,0,0.0000
3.4153,1005,3.2419
3.4196,1004,3.2387
3.4239,1006,3.2452
3.4282,0,0.0000
3.4325,0,0.0000
3.4368,1006,3.2452
3.4411,1004,3.2387
3.4454,1002,3.2323
3.4497,0,0.0000
3.4540,1002,3.2323
3.4583,1006,3.2452
3.4626,1005,3.2419
3.4669,334,1.0774
3.4712,0,0.0000
3.4756,1007,3.2484
3.4799,1006,3.2452
3.4842,1005,3.2419
3.4885,0,0.0000
3.4928,24,0.0774
3.4971,1005,3.2419
3.5014,1004,3.2387
3.5057,897,2.8935
3.5100,0,0.0000
3.5142,635,2.0484
3.5185,1005,3.2419
3.5228,1005,3.2419
3.5272,0,0.0000
3.5315,0,0.0000
3.5358,1006,3.2452
3.5401,1006,3.2452
3.5444,1006,3.2452
3.5487,0,0.0000
3.5530,92,0.2968
3.5572,1007,3.2484
3.5616,1006,3.2452
3.5659,761,2.4548
3.5702,0,0.0000
3.5745,1003,3.2355
3.5788,1006,3.2452
3.5832,1006,3.2452
3.5875,0,0.0000
3.5918,0,0.0000
3.5961,1006,3.2452
3.6004,1007,3.2484
3.6047,1002,3.2323
3.6091,0,0.0000
3.6134,97,0.3129
3.6176,1005,3.2419
3.6219,1005,3.2419
3.6263,420,1.3548
3.6306,0,0.0000
3.6349,1006,3.2452
3.6392,1004,3.2387
3.6435,1006,3.2452
3.6478,0,0.0000
3.6521,0,0.0000
3.6564,1006,3.2452
3.6607,1004,3.2387
3.6650,1004,3.2387
3.6693,0,0.0000
3.6736,347,1.1194
3.6779,1006,3.2452
3.6822,1007,3.2484
3.6865,335,1.0806
3.6908,0,0.0000
3.6951,1005,3.2419
3.6994,1006,3.2452
3.7037,1006,3.2452
3.7080,0,0.0000
3.7123,0,0.0000
3.7172,1006,3.2452
3.7215,1006,3.2452
3.7259,680,2.1935
3.7302,0,0.0000
3.7345,1007,3.2484
3.7388,1006,3.2452
3.7431,1006,3.2452
3.7474,0,0.0000
3.7517,0,0.0000
3.7560,1005,3.2419
3.7603,1004,3.2387
3.7646,1004,3.2387
3.7689,0,0.0000
3.7732,240,0.7742
3.7775,1005,3.2419
3.7818,1004,3.2387
3.7861,557,1.7968
3.7904,0,0.0000
3.7947,1005,3.2419
3.7990,1006,3.2452
3.8033,1006,3.2452
3.8076,0,0.0000
3.8119,0,0.0000
3.8163,1006,3.2452
3.8206,1005,3.2419
3.8249,1003,3.2355
3.8293,0,0.0000
3.8335,453,1.4613
3.8378,1006,3.2452
3.8421,1004,3.2387
3.8464,262,0.8452
3.8507,0,0.0000
3.8551,1006,3.2452
3.8594,1007,3.2484
3.8636,1004,3.2387
3.8679,0,0.0000
3.8723,0,0.0000
3.8766,1006,3.2452
3.8809,1006,3.2452
3.8852,872,2.8129
3.8895,0,0.0000
3.8938,597,1.9258
3.8981,1005,3.2419
3.9024,1004,3.2387
3.9067,0,0.0000
3.9111,0,0.0000
3.9153,1004,3.2387
3.9196,1006,3.2452
3.9239,1007,3.2484
3.9283,0,0.0000
3.9326,0,0.0000
3.9369,1006,3.2452
3.9418,1007,3.2484
3.9462,286,0.9226
3.9505,0,0.0000
3.9548,1006,3.2452
3.9591,1003,3.2355
3.9634,1006,3.2452
3.9677,0,0.0000
3.9722,0,0.0000
3.9765,1006,3.2452
3.9808,1006,3.2452
3.9851,875,2.8226
3.9894,0,0.0000
3.9937,911,2.9387
3.9980,1006,3.2452
4.0023,1005,3.2419
4.0066,200,0.6452
4.0108,0,0.0000
4.0152,1006,3.2452
4.0195,1006,3.2452
4.0238,1006,3.2452
4.0281,0,0.0000
4.0324,0,0.0000
4.0367,1005,3.2419
4.0411,1006,3.2452
4.0454,700,2.2581
4.0497,0,0.0000
4.0540,999,3.2226
4.0583,1004,3.2387
4.0625,1004,3.2387
4.0668,0,0.0000
4.0711,0,0.0000
4.0755,1006,3.2452
4.0798,1004,3.2387
4.0841,1005,3.2419
4.0884,0,0.0000
4.0926,221,0.7129
4.0970,1004,3.2387
4.1013,1006,3.2452
4.1055,676,2.1806
4.1098,0,0.0000
4.1141,998,3.2194
4.1184,1005,3.2419
4.1227,1006,3.2452
4.1271,0,0.0000
4.1314,0,0.0000
4.1357,1006,3.2452
4.1400,1005,3.2419
4.1443,1003,3.2355
4.1486,0,0.0000
4.1528,737,2.3774
4.1572,1004,3.2387
4.1615,1005,3.2419
4.1658,658,2.1226
4.1701,0,0.0000
4.1744,1004,3.2387
4.1787,1006,3.2452
4.1831,1004,3.2387
4.1874,0,0.0000
4.1917,0,0.0000
4.1960,1005,3.2419
4.2003,1006,3.2452
4.2045,999,3.2226
4.2088,0,0.0000
4.2132,609,1.9645
4.2175,1006,3.2452
4.2221,1006,3.2452
4.2268,0,0.0000
4.2311,0,0.0000
4.2355,1006,3.2452
4.2398,1005,3.2419
4.2441,1004,3.2387
4.2484,0,0.0000
4.2527,424,1.3677
4.2571,1006,3.2452
4.2614,1005,3.2419
4.2657,553,1.7839
4.2700,0,0.0000
4.2743,1006,3.2452
4.2786,1006,3.2452
4.2829,1005,3.2419
4.2872,0,0.0000
4.2915,0,0.0000
4.2958,1005,3.2419
4.3002,1002,3.2323
4.3044,996,3.2129
4.3087,0,0.0000
4.3131,891,2.8742
4.3173,1006,3.2452
4.3217,1004,3.2387
4.3260,387,1.2484
4.3303,0,0.0000
4.3346,1006,3.2452
4.3389,1005,3.2419
4.3432,1005,3.2419
4.3475,0,0.0000
4.3518,0,0.0000
4.3561,1006,3.2452
4.3609,1007,3.2484
4.3653,597,1.9258
4.3696,0,0.0000
4.3739,899,2.9000
4.3782,1005,3.2419
4.3825,1006,3.2452
4.3868,0,0.0000
4.3911,0,0.0000
4.3954,1004,3.2387
4.3997,1005,3.2419
4.4041,1004,3.2387
4.4084,0,0.0000
4.4127,921,2.9710
4.4170,1005,3.2419
4.4213,1006,3.2452
4.4256,653,2.1065
4.4299,0,0.0000
4.4343,1004,3.2387
4.4386,1004,3.2387
4.4429,991,3.1968
4.4476,0,0.0000
4.4524,181,0.5839
4.4567,1006,3.2452
4.4610,1004,3.2387
4.4653,566,1.8258
4.4696,0,0.0000
4.4739,996,3.2129
4.4782,1006,3.2452
4.4825,1004,3.2387
4.4869,0,0.0000
4.4912,0,0.0000
4.4955,1006,3.2452
4.4998,1006,3.2452
4.5041,1003,3.2355
4.5084,0,0.0000
4.5127,514,1.6581
4.5170,1003,3.2355
4.5213,1006,3.2452
4.5256,515,1.6613
4.5299,0,0.0000
4.5342,1005,3.2419
4.5385,1005,3.2419
4.5428,1005,3.2419
4.5471,0,0.0000
4.5514,0,0.0000
4.5557,1004,3.2387
4.5600,1005,3.2419
4.5643,945,3.0484
4.5686,0,0.0000
4.5729,418,1.3484
4.5772,1005,3.2419
4.5815,1005,3.2419
4.5858,66,0.2129
4.5902,0,0.0000
4.5945,1005,3.2419
4.5988,1005,3.2419
4.6031,1004,3.2387
4.6074,0,0.0000
4.6117,635,2.0484
4.6160,1007,3.2484
4.6203,1005,3.2419
4.6246,1001,3.2290
4.6290,0,0.0000
4.6333,1004,3.2387
4.6376,1006,3.2452
4.6419,1005,3.2419
4.6462,67,0.2161
4.6505,0,0.0000
4.6548,1003,3.2355
4.6591,1006,3.2452
4.6634,1006,3.2452
4.6677,0,0.0000
4.6721,214,0.6903
4.6763,1007,3.2484
4.6806,1005,3.2419
4.6849,734,2.3677
4.6893,0,0.0000
4.6936,998,3.2194
4.6978,1005,3.2419
4.7021,1007,3.2484
4.7064,0,0.0000
4.7107,0,0.0000
4.7151,1006,3.2452
4.7194,1005,3.2419
4.7236,1004,3.2387
4.7279,0,0.0000
4.7323,292,0.9419
4.7366,1006,3.2452
4.7409,1006,3.2452
4.7452,535,1.7258
4.7496,0,0.0000
4.7539,1004,3.2387
4.7582,1005,3.2419
4.7625,1006,3.2452
4.7668,0,0.0000
4.7711,0,0.0000
4.7757,1004,3.2387
4.7800,1005,3.2419
4.7844,804,2.5935
4.7887,0,0.0000
4.7931,559,1.8032
4.7973,1005,3.2419
4.8016,1005,3.2419
4.8059,0,0.0000
4.8102,0,0.0000
4.8144,1004,3.2387
4.8187,1004,3.2387
4.8230,1005,3.2419
4.8273,0,0.0000
4.8315,47,0.1516
4.8358,1005,3.2419
4.8401,1006,3.2452
4.8444,875,2.8226
4.8486,0,0.0000
4.8529,660,2.1290
4.8572,1005,3.2419
4.8615,1005,3.2419
4.8657,64,0.2065
4.8700,0,0.0000
4.8743,1006,3.2452
4.8786,1005,3.2419
4.8828,1005,3.2419
4.8871,0,0.0000
4.8913,142,0.4581
4.8956,1007,3.2484
4.8999,1005,3.2419
4.9042,999,3.2226
4.9084,0,0.0000
4.9127,647,2.0871
4.9170,1005,3.2419
4.9212,1006,3.2452
4.9255,173,0.5581
4.9298,0,0.0000
4.9341,1007,3.2484
4.9383,1006,3.2452
4.9426,1004,3.2387
4.9469,0,0.0000
4.9511,0,0.0000
4.9554,1006,3.2452
4.9597,1005,3.2419
4.9639,978,3.1548
4.9682,0,0.0000
4.9725,514,1.6581
4.9767,1006,3.2452
4.9810,1006,3.2452
4.9853,254,0.8194
4.9896,0,0.0000
4.9939,1006,3.2452
4.9981,1005,3.2419
5.0029,1005,3.2419
5.0075,0,0.0000
5.0137,1005,3.2419
5.0182,1007,3.2484
5.0227,1004,3.2387
5.0269,0,0.0000
5.0313,47,0.1516
5.0357,1007,3.2484
5.0401,1006,3.2452
5.0443,819,2.6419
5.0486,0,0.0000
5.0529,957,3.0871
5.0571,1006,3.2452
5.0614,1006,3.2452
5.0657,1,0.0032
5.0700,0,0.0000
5.0742,1006,3.2452
5.0785,1002,3.2323
5.0828,1005,3.2419
5.0871,0,0.0000
5.0914,167,0.5387
5.0959,1007,3.2484
5.1002,1005,3.2419
5.1045,765,2.4677
5.1088,0,0.0000
5.1130,1005,3.2419
5.1173,1007,3.2484
5.1216,1004,3.2387
5.1259,0,0.0000
5.1301,0,0.0000
5.1346,1005,3.2419
5.1390,1004,3.2387
5.1433,1005,3.2419
5.1476,0,0.0000
5.1519,266,0.8581
5.1562,1006,3.2452
5.1605,1006,3.2452
5.1648,479,1.5452
5.1691,0,0.0000
5.1734,1006,3.2452
5.1779,1005,3.2419
5.1823,1006,3.2452
5.1866,0,0.0000
5.1909,0,0.0000
5.1952,1006,3.2452
5.1995,1005,3.2419
5.2039,959,3.0935
5.2081,0,0.0000
5.2124,612,1.9742
5.2167,1005,3.2419
5.2210,1005,3.2419
5.2254,85,0.2742
5.2296,0,0.0000
5.2339,1005,3.2419
5.2383,1005,3.2419
5.2426,1005,3.2419
5.2469,0,0.0000
5.2512,0,0.0000
5.2555,1005,3.2419
5.2600,1007,3.2484
5.2643,651,2.1000
5.2686,0,0.0000
5.2729,1004,3.2387
5.2772,1007,3.2484
5.2815,1006,3.2452
5.2859,0,0.0000
5.2902,0,0.0000
5.2945,1004,3.2387
5.2988,1006,3.2452
5.3031,1005,3.2419
5.3075,0,0.0000
5.3118,304,0.9806
5.3160,1007,3.2484
5.3203,1005,3.2419
5.3246,505,1.6290
5.3290,0,0.0000
5.3332,1006,3.2452
5.3375,1004,3.2387
5.3420,1005,3.2419
5.3463,0,0.0000
5.3506,0,0.0000
5.3549,1006,3.2452
5.3592,1005,3.2419
5.3635,979,3.1581
5.3678,0,0.0000
5.3721,698,2.2516
5.3764,1006,3.2452
5.3807,1006,3.2452
5.3850,312,1.0065
5.3893,0,0.0000
5.3936,1006,3.2452
5.3979,1006,3.2452
5.4022,1005,3.2419
5.4065,0,0.0000
5.4108,57,0.1839
5.4151,1006,3.2452
5.4195,1006,3.2452
5.4238,950,3.0645
5.4281,0,0.0000
5.4324,1006,3.2452
5.4371,1005,3.2419
5.4414,1004,3.2387
5.4457,0,0.0000
5.4501,0,0.0000
5.4544,1006,3.2452
5.4587,1004,3.2387
5.4629,1003,3.2355
5.4672,0,0.0000
5.4716,147,0.4742
5.4759,1005,3.2419
5.4801,1007,3.2484
5.4847,212,0.6839
5.4891,0,0.0000
5.4934,1004,3.2387
5.4977,1007,3.2484
5.5020,1004,3.2387
5.5063,0,0.0000
5.5106,0,0.0000
5.5149,1004,3.2387
5.5192,1005,3.2419
5.5235,922,2.9742
5.5278,0,0.0000
5.5321,590,1.9032
5.5364,1003,3.2355
5.5407,1006,3.2452
5.5450,36,0.1161
5.5493,0,0.0000
5.5537,1006,3.2452
5.5580,1007,3.2484
5.5623,1005,3.2419
5.5666,0,0.0000
5.5709,466,1.5032
5.5752,1007,3.2484
5.5796,1005,3.2419
5.5838,945,3.0484
5.5886,0,0.0000
5.5930,1004,3.2387
5.5973,1006,3.2452
5.6016,1006,3.2452
5.6059,0,0.0000
5.6102,0,0.0000
5.6145,1006,3.2452
5.6188,1006,3.2452
5.6231,1003,3.2355
5.6274,0,0.0000
5.6323,789,2.5452
5.6366,1006,3.2452
5.6409,1007,3.2484
5.6452,0,0.0000
5.6496,0,0.0000
5.6539,1007,3.2484
5.6582,1005,3.2419
5.6625,1006,3.2452
5.6668,0,0.0000
5.6711,450,1.4516
5.6754,1006,3.2452
5.6797,1006,3.2452
5.6840,787,2.5387
5.6891,0,0.0000
5.6935,1005,3.2419
5.6978,1005,3.2419
5.7021,1004,3.2387
5.7063,0,0.0000
5.7106,39,0.1258
5.7150,1004,3.2387
5.7193,1007,3.2484
5.7235,884,2.8516
5.7278,0,0.0000
5.7321,765,2.4677
5.7365,1004,3.2387
5.7408,1006,3.2452
5.7451,0,0.0000
5.7494,0,0.0000
5.7537,1006,3.2452
5.7580,1006,3.2452
5.7623,1006,3.2452
5.7666,0,0.0000
5.7709,290,0.9355
5.7752,1006,3.2452
5.7795,1005,3.2419
5.7838,773,2.4935
5.7881,0,0.0000
5.7924,1004,3.2387
5.7967,1006,3.2452
5.8010,1006,3.2452
5.8053,0,0.0000
5.8096,0,0.0000
5.8139,1006,3.2452
5.8182,1005,3.2419
5.8225,1004,3.2387
5.8268,0,0.0000
5.8311,124,0.4000
5.8359,1005,3.2419
5.8403,1005,3.2419
5.8446,135,0.4355
5.8489,0,0.0000
5.8532,1005,3.2419
5.8575,1006,3.2452
5.8618,1006,3.2452
5.8661,0,0.0000
5.8704,0,0.0000
5.8747,1004,3.2387
5.8790,1006,3.2452
5.8833,808,2.6065
5.8876,0,0.0000
5.8919,542,1.7484
5.8962,1006,3.2452
5.9005,1006,3.2452
5.9048,0,0.0000
5.9091,0,0.0000
5.9134,1005,3.2419
5.9177,1005,3.2419
5.9220,1006,3.2452
5.9263,0,0.0000
5.9306,203,0.6548
5.9349,1006,3.2452
5.9393,1007,3.2484
5.9436,823,2.6548
5.9479,0,0.0000
5.9522,1003,3.2355
5.9565,1006,3.2452
5.9608,1004,3.2387
5.9651,0,0.0000
5.9694,0,0.0000
5.9737,1004,3.2387
5.9780,1006,3.2452
5.9823,1004,3.2387
5.9866,0,0.0000
5.9909,420,1.3548
5.9953,1004,3.2387
5.9996,1006,3.2452
6.0039,600,1.9355
6.0082,0,0.0000
6.0125,1005,3.2419
6.0168,1006,3.2452
6.0211,1005,3.2419
6.0254,0,0.0000
6.0297,0,0.0000
6.0340,1006,3.2452
6.0383,1004,3.2387
6.0426,1004,3.2387
6.0470,0,0.0000
6.0513,639,2.0613
6.0555,1006,3.2452
6.0604,1005,3.2419
6.0647,30,0.0968
6.0690,63,0.2032
6.0733,1006,3.2452
6.0776,1007,3.2484
6.0819,1006,3.2452
6.0862,0,0.0000
6.0905,1005,3.2419
6.0948,1006,3.2452
6.0991,1006,3.2452
6.1035,999,3.2226
6.1078,0,0.0000
6.1120,1006,3.2452
6.1163,1006,3.2452
6.1206,1006,3.2452
6.1250,120,0.3871
6.1292,0,0.0000
6.1335,1005,3.2419
6.1378,1005,3.2419
6.1422,1006,3.2452
6.1465,0,0.0000
6.1508,330,1.0645
6.1551,1004,3.2387
6.1594,1006,3.2452
6.1637,614,1.9806
6.1680,0,0.0000
6.1723,1005,3.2419
6.1766,1005,3.2419
6.1809,1004,3.2387
6.1852,0,0.0000
6.1895,0,0.0000
6.1938,1006,3.2452
6.1981,1005,3.2419
6.2030,927,2.9903
6.2073,0,0.0000
6.2116,986,3.1806
6.2159,1006,3.2452
6.2202,1005,3.2419
6.2245,147,0.4742
6.2288,0,0.0000
6.2331,1007,3.2484
6.2373,1005,3.2419
6.2417,1006,3.2452
6.2464,0,0.0000
6.2507,768,2.4774
6.2550,1004,3.2387
6.2593,1005,3.2419
6.2642,404,1.3032
6.2685,0,0.0000
6.2728,1005,3.2419
6.2770,1004,3.2387
6.2813,1003,3.2355
6.2857,0,0.0000
6.2900,243,0.7839
6.2943,1005,3.2419
6.2986,1006,3.2452
6.3029,992,3.2000
6.3072,0,0.0000
6.3115,753,2.4290
6.3158,1006,3.2452
6.3201,1006,3.2452
6.3244,19,0.0613
6.3287,0,0.0000
6.3330,1006,3.2452
6.3373,1005,3.2419
6.3416,1006,3.2452
6.3459,0,0.0000
6.3502,87,0.2806
6.3545,1006,3.2452
6.3588,1005,3.2419
6.3631,753,2.4290
6.3674,0,0.0000
6.3717,752,2.4258
6.3760,1005,3.2419
6.3803,1005,3.2419
6.3846,0,0.0000
6.3889,0,0.0000
6.3932,1003,3.2355
6.3975,1007,3.2484
6.4018,1003,3.2355
6.4061,0,0.0000
6.4105,135,0.4355
6.4147,1004,3.2387
6.4190,1006,3.2452
6.4233,566,1.8258
6.4277,0,0.0000
6.4319,1007,3.2484
6.4362,1004,3.2387
6.4405,1006,3.2452
6.4448,0,0.0000
6.4492,197,0.6355
6.4535,1006,3.2452
6.4578,1005,3.2419
6.4620,1005,3.2419
6.4664,0,0.0000
6.4707,977,3.1516
6.4750,1005,3.2419
6.4793,1006,3.2452
6.4835,711,2.2935
6.4884,0,0.0000
6.4927,1004,3.2387
6.4970,1005,3.2419
6.5013,1005,3.2419
6.5056,0,0.0000
6.5100,280,0.9032
6.5143,1005,3.2419
6.5186,1006,3.2452
6.5229,916,2.9548
6.5272,0,0.0000
6.5315,1004,3.2387
6.5358,1005,3.2419
6.5401,1004,3.2387
6.5444,0,0.0000
6.5487,0,0.0000
6.5531,1006,3.2452
6.5574,1006,3.2452
6.5617,1003,3.2355
6.5660,0,0.0000
6.5703,181,0.5839
6.5746,1004,3.2387
6.5789,1005,3.2419
6.5832,615,1.9839
6.5875,0,0.0000
6.5918,1006,3.2452
6.5961,1006,3.2452
6.6004,1005,3.2419
6.6047,0,0.0000
6.6090,117,0.3774
6.6133,1006,3.2452
6.6176,1006,3.2452
6.6219,1004,3.2387
6.6262,0,0.0000
6.6305,569,1.8355
6.6348,1007,3.2484
6.6391,1004,3.2387
6.6434,515,1.6613
6.6477,0,0.0000
6.6520,1005,3.2419
6.6563,1006,3.2452
6.6606,1004,3.2387
6.6649,0,0.0000
6.6692,199,0.6419
6.6735,1006,3.2452
6.6778,1007,3.2484
6.6821,1004,3.2387
6.6864,0,0.0000
6.6907,1005,3.2419
6.6951,1006,3.2452
6.6994,1006,3.2452
6.7036,604,1.9484
6.7079,0,0.0000
6.7123,1005,3.2419
6.7165,1005,3.2419
6.7208,1005,3.2419
6.7251,0,0.0000
6.7293,168,0.5419
6.7336,1006,3.2452
6.7379,1004,3.2387
6.7421,1004,3.2387
6.7464,0,0.0000
6.7507,763,2.4613
6.7550,1006,3.2452
6.7593,1006,3.2452
6.7635,364,1.1742
6.7678,0,0.0000
6.7722,1006,3.2452
6.7766,1006,3.2452
6.7810,1004,3.2387
6.7854,0,0.0000
6.7897,269,0.8677
6.7942,1006,3.2452
6.7986,1005,3.2419
6.8030,684,2.2065
6.8074,0,0.0000
6.8117,1004,3.2387
6.8161,1006,3.2452
6.8204,1006,3.2452
6.8247,0,0.0000
6.8290,0,0.0000
6.8333,1007,3.2484
6.8377,1006,3.2452
6.8420,960,3.0968
6.8464,0,0.0000
6.8508,661,2.1323
6.8551,1006,3.2452
6.8593,1004,3.2387
6.8635,261,0.8419
6.8676,0,0.0000
6.8718,1006,3.2452
6.8760,1005,3.2419
6.8802,1006,3.2452
6.8843,0,0.0000
6.8885,0,0.0000
6.8926,1006,3.2452
6.8968,1007,3.2484
6.9010,1004,3.2387
6.9051,0,0.0000
6.9093,12,0.0387
6.9135,1005,3.2419
6.9177,1004,3.2387
6.9218,1003,3.2355
6.9260,0,0.0000
6.9302,528,1.7032
6.9343,1004,3.2387
6.9385,1006,3.2452
6.9427,791,2.5516
6.9468,0,0.0000
6.9510,1004,3.2387
6.9551,1006,3.2452
6.9593,1003,3.2355
6.9635,367,1.1839
6.9676,39,0.1258
6.9718,1007,3.2484
6.9760,1007,3.2484
6.9801,1006,3.2452
6.9843,164,0.5290
6.9885,247,0.7968
6.9926,1007,3.2484
6.9968,1004,3.2387
7.0010,1006,3.2452
7.0051,0,0.0000
7.0093,46,0.1484
7.0135,1006,3.2452
7.0176,1007,3.2484
7.0218,1000,3.2258
7.0260,0,0.0000
7.0301,384,1.2387
7.0343,1007,3.2484
7.0385,1005,3.2419
7.0426,672,2.1677
7.0468,0,0.0000
7.0510,885,2.8548
7.0551,1006,3.2452
7.0593,1005,3.2419
7.0635,134,0.4323
7.0676,0,0.0000
7.0718,1004,3.2387
7.0760,1004,3.2387
7.0801,1004,3.2387
7.0843,0,0.0000
7.0884,0,0.0000
7.0926,1004,3.2387
7.0968,1006,3.2452
7.1009,1004,3.2387
7.1051,0,0.0000
7.1093,253,0.8161
7.1134,1006,3.2452
7.1176,1006,3.2452
7.1217,1004,3.2387
7.1259,0,0.0000
7.1301,509,1.6419
7.1342,1005,3.2419
7.1384,1007,3.2484
7.1425,741,2.3903
7.1467,0,0.0000
7.1509,1004,3.2387
7.1550,1004,3.2387
7.1592,1006,3.2452
7.1634,337,1.0871
7.1675,0,0.0000
7.1717,1005,3.2419
7.1759,1006,3.2452
7.1800,1005,3.2419
7.1842,0,0.0000
7.1885,218,0.7032
7.1926,1007,3.2484
7.1968,1004,3.2387
7.2010,1006,3.2452
7.2052,0,0.0000
7.2093,1000,3.2258
7.2135,1006,3.2452
7.2176,1006,3.2452
7.2218,1004,3.2387
7.2259,0,0.0000
7.2301,1004,3.2387
7.2343,1004,3.2387
7.2384,1006,3.2452
7.2426,831,2.6806
7.2468,0,0.0000
7.2509,1005,3.2419
7.2551,1004,3.2387
7.2593,1006,3.2452
7.2634,348,1.1226
7.2676,0,0.0000
7.2718,1006,3.2452
7.2759,1004,3.2387
7.2801,1007,3.2484
7.2843,0,0.0000
7.2884,0,0.0000
7.2926,1005,3.2419
7.2967,1004,3.2387
7.3009,1004,3.2387
7.3051,0,0.0000
7.3093,101,0.3258
7.3134,1007,3.2484
7.3176,1005,3.2419
7.3217,979,3.1581
7.3259,0,0.0000
7.3301,380,1.2258
7.3342,1005,3.2419
7.3384,1006,3.2452
7.3425,537,1.7323
7.3467,0,0.0000
7.3509,1004,3.2387
7.3550,1005,3.2419
7.3592,1004,3.2387
7.3634,96,0.3097
7.3675,0,0.0000
7.3717,1006,3.2452
7.3759,1004,3.2387
7.3800,1006,3.2452
7.3842,0,0.0000
7.3883,0,0.0000
7.3925,1007,3.2484
7.3966,1004,3.2387
7.4008,1005,3.2419
7.4050,0,0.0000
7.4091,98,0.3161
7.4133,1005,3.2419
7.4175,1005,3.2419
7.4216,983,3.1710
7.4258,0,0.0000
7.4302,674,2.1742
7.4344,1004,3.2387
7.4385,1005,3.2419
7.4427,444,1.4323
7.4469,0,0.0000
7.4510,1004,3.2387
7.4552,1005,3.2419
7.4594,1005,3.2419
7.4635,0,0.0000
7.4677,0,0.0000
7.4718,1004,3.2387
7.4760,1007,3.2484
7.4802,1005,3.2419
7.4843,0,0.0000
7.4885,0,0.0000
7.4927,1004,3.2387
7.4968,1005,3.2419
7.5010,1005,3.2419
7.5051,0,0.0000
7.5093,111,0.3581
7.5135,1003,3.2355
7.5176,1005,3.2419
7.5218,830,2.6774
7.5260,0,0.0000
7.5301,864,2.7871
7.5343,1006,3.2452
7.5385,1006,3.2452
7.5426,511,1.6484
7.5468,0,0.0000
7.5509,1005,3.2419
7.5551,1006,3.2452
7.5595,1003,3.2355
7.5637,0,0.0000
7.5680,0,0.0000
7.5723,1006,3.2452
7.5766,1005,3.2419
7.5809,1004,3.2387
7.5852,0,0.0000
7.5896,435,1.4032
7.5939,1006,3.2452
7.5981,1005,3.2419
7.6024,492,1.5871
7.6067,0,0.0000
7.6111,1006,3.2452
7.6155,1005,3.2419
7.6198,1006,3.2452
7.6241,0,0.0000
7.6284,0,0.0000
7.6327,1006,3.2452
7.6370,1006,3.2452
7.6412,947,3.0548
7.6455,0,0.0000
7.6498,903,2.9129
7.6541,1006,3.2452
7.6584,1005,3.2419
7.6627,409,1.3194
7.6670,0,0.0000
7.6713,1004,3.2387
7.6756,1005,3.2419
7.6798,1005,3.2419
7.6841,0,0.0000
7.6885,0,0.0000
7.6927,1006,3.2452
7.6970,1005,3.2419
7.7013,978,3.1548
7.7056,0,0.0000
7.7099,562,1.8129
7.7142,1007,3.2484
7.7185,1006,3.2452
7.7228,112,0.3613
7.7271,0,0.0000
7.7314,1005,3.2419
7.7357,1005,3.2419
7.7400,1005,3.2419
7.7443,0,0.0000
7.7486,0,0.0000
7.7529,1006,3.2452
7.7572,1005,3.2419
7.7615,825,2.6613
7.7658,0,0.0000
7.7701,1005,3.2419
7.7744,1005,3.2419
7.7787,1002,3.2323
7.7830,148,0.4774
7.7873,21,0.0677
7.7916,1005,3.2419
7.7959,1007,3.2484
7.8002,1006,3.2452
7.8045,0,0.0000
7.8088,1003,3.2355
7.8131,1004,3.2387
7.8174,1005,3.2419
7.8217,1001,3.2290
7.8260,0,0.0000
7.8303,1005,3.2419
7.8346,1006,3.2452
7.8389,1006,3.2452
7.8432,0,0.0000
7.8475,0,0.0000
7.8518,1006,3.2452
7.8561,1005,3.2419
7.8604,1005,3.2419
7.8647,0,0.0000
7.8690,62,0.2000
7.8732,1005,3.2419
7.8775,1005,3.2419
7.8818,559,1.8032
7.8861,0,0.0000
7.8904,992,3.2000
7.8947,1006,3.2452
7.8990,1005,3.2419
7.9033,0,0.0000
7.9076,0,0.0000
7.9119,1005,3.2419
7.9162,1005,3.2419
7.9205,1005,3.2419
7.9248,0,0.0000
7.9291,297,0.9581
7.9334,1007,3.2484
7.9377,1006,3.2452
7.9420,470,1.5161
7.9463,0,0.0000
7.9506,1006,3.2452
7.9549,1007,3.2484
7.9592,1006,3.2452
7.9635,0,0.0000
7.9678,0,0.0000
7.9721,1006,3.2452
7.9764,1006,3.2452
7.9807,1000,3.2258
7.9850,0,0.0000
7.9893,440,1.4194
7.9936,1004,3.2387
7.9979,1006,3.2452
8.0022,345,1.1129
8.0065,0,0.0000
8.0108,1005,3.2419
8.0151,1005,3.2419
8.0195,1005,3.2419
8.0237,0,0.0000
8.0280,0,0.0000
8.0323,1006,3.2452
8.0366,1005,3.2419
8.0409,933,3.0097
8.0452,0,0.0000
8.0496,453,1.4613
8.0539,1005,3.2419
8.0582,1005,3.2419
8.0625,0,0.0000
8.0668,0,0.0000
8.0711,1005,3.2419
8.0754,1006,3.2452
8.0797,1004,3.2387
8.0840,0,0.0000
8.0883,0,0.0000
8.0926,1005,3.2419
8.0969,1006,3.2452
8.1012,754,2.4323
8.1055,0,0.0000
8.1099,716,2.3097
8.1142,1006,3.2452
8.1185,1006,3.2452
8.1228,0,0.0000
8.1271,0,0.0000
8.1314,1006,3.2452
8.1357,1004,3.2387
8.1400,1006,3.2452
8.1443,0,0.0000
8.1486,289,0.9323
8.1529,1006,3.2452
8.1572,1006,3.2452
8.1614,726,2.3419
8.1657,0,0.0000
8.1700,941,3.0355
8.1743,1006,3.2452
8.1785,1006,3.2452
8.1828,0,0.0000
8.1870,0,0.0000
8.1913,1006,3.2452
8.1956,1005,3.2419
8.1998,1000,3.2258
8.2041,0,0.0000
8.2084,288,0.9290
8.2126,1005,3.2419
8.2169,1004,3.2387
8.2212,846,2.7290
8.2254,0,0.0000
8.2297,1005,3.2419
8.2339,1007,3.2484
8.2382,1007,3.2484
8.2425,371,1.1968
8.2467,0,0.0000
8.2510,1006,3.2452
8.2553,1006,3.2452
8.2596,1006,3.2452
8.2639,0,0.0000
8.2682,378,1.2194
8.2725,1006,3.2452
8.2768,1006,3.2452
8.2811,965,3.1129
8.2854,0,0.0000
8.2897,1007,3.2484
8.2940,1006,3.2452
8.2982,1005,3.2419
8.3026,195,0.6290
8.3068,0,0.0000
8.3111,1006,3.2452
8.3154,1006,3.2452
8.3197,1004,3.2387
8.3241,0,0.0000
8.3283,68,0.2194
8.3327,1004,3.2387
8.3369,1005,3.2419
8.3412,665,2.1452
8.3455,0,0.0000
8.3498,1004,3.2387
8.3541,1007,3.2484
8.3584,1004,3.2387
8.3627,0,0.0000
8.3670,0,0.0000
8.3713,1004,3.2387
8.3756,1006,3.2452
8.3799,1005,3.2419
8.3842,0,0.0000
8.3885,612,1.9742
8.3927,1006,3.2452
8.3971,1006,3.2452
8.4014,779,2.5129
8.4057,0,0.0000
8.4100,1005,3.2419
8.4143,1006,3.2452
8.4186,1005,3.2419
8.4228,0,0.0000
8.4271,0,0.0000
8.4314,1005,3.2419
8.4357,1006,3.2452
8.4400,1004,3.2387
8.4455,0,0.0000
8.4499,1007,3.2484
8.4543,1004,3.2387
8.4588,1004,3.2387
8.4633,0,0.0000
8.4676,0,0.0000
8.4719,1004,3.2387
8.4762,1006,3.2452
8.4804,996,3.2129
8.4846,0,0.0000
8.4888,270,0.8710
8.4931,1004,3.2387
8.4973,1005,3.2419
8.5015,397,1.2806
8.5058,0,0.0000
8.5100,1006,3.2452
8.5142,1006,3.2452
8.5185,1005,3.2419
8.5227,0,0.0000
8.5269,0,0.0000
8.5312,1007,3.2484
8.5354,1006,3.2452
8.5396,1004,3.2387
8.5439,0,0.0000
8.5481,820,2.6452
8.5524,1007,3.2484
8.5566,1004,3.2387
8.5608,995,3.2097
8.5651,0,0.0000
8.5693,1004,3.2387
8.5736,1005,3.2419
8.5779,1005,3.2419
8.5822,255,0.8226
8.5865,0,0.0000
8.5907,1005,3.2419
8.5950,1005,3.2419
8.5993,1005,3.2419
8.6036,0,0.0000
8.6079,29,0.0935
8.6122,1005,3.2419
8.6165,1003,3.2355
8.6207,820,2.6452
8.6250,0,0.0000
8.6293,876,2.8258
8.6336,1004,3.2387
8.6379,1005,3.2419
8.6422,0,0.0000
8.6465,0,0.0000
8.6508,1005,3.2419
8.6551,1005,3.2419
8.6593,1005,3.2419
8.6637,0,0.0000
8.6679,0,0.0000
8.6722,1006,3.2452
8.6765,1004,3.2387
8.6808,725,2.3387
8.6851,0,0.0000
8.6894,704,2.2710
8.6937,1005,3.2419
8.6979,1006,3.2452
8.7022,0,0.0000
8.7065,0,0.0000
8.7108,1005,3.2419
8.7151,1006,3.2452
8.7195,1002,3.2323
8.7238,0,0.0000
8.7281,160,0.5161
8.7324,1006,3.2452
8.7367,1004,3.2387
8.7410,692,2.2323
8.7453,0,0.0000
8.7496,1006,3.2452
8.7539,1006,3.2452
8.7582,1004,3.2387
8.7625,0,0.0000
8.7667,0,0.0000
8.7710,1006,3.2452
8.7753,1005,3.2419
8.7796,1003,3.2355
8.7839,0,0.0000
8.7882,764,2.4645
8.7925,1005,3.2419
8.7968,1004,3.2387
8.8011,748,2.4129
8.8054,0,0.0000
8.8097,1005,3.2419
8.8140,1006,3.2452
8.8183,1005,3.2419
8.8225,0,0.0000
8.8268,0,0.0000
8.8311,1006,3.2452
8.8354,1005,3.2419
8.8397,1003,3.2355
8.8440,0,0.0000
8.8483,508,1.6387
8.8526,1006,3.2452
8.8569,1006,3.2452
8.8612,599,1.9323
8.8654,0,0.0000
8.8697,1005,3.2419
8.8740,1006,3.2452
8.8783,1005,3.2419
8.8826,0,0.0000
8.8869,0,0.0000
8.8911,1007,3.2484
8.8954,1006,3.2452
8.8997,1003,3.2355
8.9040,0,0.0000
8.9083,772,2.4903
8.9126,1006,3.2452
8.9169,1005,3.2419
8.9212,575,1.8548
8.9254,0,0.0000
8.9297,1006,3.2452
8.9340,1006,3.2452
8.9383,1006,3.2452
8.9426,0,0.0000
8.9469,0,0.0000
8.9512,1005,3.2419
8.9555,1006,3.2452
8.9598,1002,3.2323
8.9640,0,0.0000
8.9683,322,1.0387
8.9726,1006,3.2452
8.9769,1006,3.2452
8.9812,312,1.0065
8.9855,0,0.0000
8.9898,1005,3.2419
8.9940,1004,3.2387
8.9983,1005,3.2419
9.0026,0,0.0000
9.0069,73,0.2355
9.0112,1005,3.2419
9.0155,1005,3.2419
9.0198,1002,3.2323
9.0241,0,0.0000
9.0284,523,1.6871
9.0327,1005,3.2419
9.0370,1006,3.2452
9.0413,311,1.0032
9.0456,0,0.0000
9.0499,1005,3.2419
9.0542,1006,3.2452
9.0585,1005,3.2419
9.0628,0,0.0000
9.0670,56,0.1806
9.0713,1005,3.2419
9.0756,1005,3.2419
9.0799,999,3.2226
9.0842,0,0.0000
9.0885,625,2.0161
9.0928,1006,3.2452
9.0971,1005,3.2419
9.1014,199,0.6419
9.1057,0,0.0000
9.1099,1005,3.2419
9.1142,1005,3.2419
9.1186,1005,3.2419
9.1228,0,0.0000
9.1271,60,0.1935
9.1314,1005,3.2419
9.1357,1004,3.2387
9.1400,977,3.1516
9.1443,0,0.0000
9.1486,584,1.8839
9.1529,1006,3.2452
9.1572,1004,3.2387
9.1615,16,0.0516
9.1658,0,0.0000
9.1701,1005,3.2419
9.1744,1005,3.2419
9.1787,1004,3.2387
9.1830,0,0.0000
9.1873,0,0.0000
9.1916,1003,3.2355
9.1959,1006,3.2452
9.2001,767,2.4742
9.2044,0,0.0000
9.2087,642,2.0710
9.2130,1006,3.2452
9.2173,1004,3.2387
9.2216,0,0.0000
9.2259,0,0.0000
9.2302,1006,3.2452
9.2345,1005,3.2419
9.2388,1004,3.2387
9.2431,0,0.0000
9.2474,0,0.0000
9.2516,1006,3.2452
9.2559,1006,3.2452
9.2602,753,2.4290
9.2645,0,0.0000
9.2688,1005,3.2419
9.2731,1006,3.2452
9.2774,1005,3.2419
9.2821,0,0.0000
9.2864,324,1.0452
9.2907,1006,3.2452
9.2950,1006,3.2452
9.2993,1004,3.2387
9.3036,0,0.0000
9.3079,1004,3.2387
9.3122,1006,3.2452
9.3164,1005,3.2419
9.3207,752,2.4258
9.3250,0,0.0000
9.3293,1006,3.2452
9.3336,1005,3.2419
9.3379,1005,3.2419
9.3422,0,0.0000
9.3465,0,0.0000
9.3508,1000,3.2258
9.3551,1006,3.2452
9.3594,1005,3.2419
9.3636,0,0.0000
9.3679,421,1.3581
9.3722,1005,3.2419
9.3765,1005,3.2419
9.3808,390,1.2581
9.3851,0,0.0000
9.3894,1004,3.2387
9.3937,1006,3.2452
9.3979,1007,3.2484
9.4022,0,0.0000
9.4065,0,0.0000
9.4108,1006,3.2452
9.4151,1005,3.2419
9.4194,1000,3.2258
9.4236,0,0.0000
9.4279,302,0.9742
9.4322,1005,3.2419
9.4365,1007,3.2484
9.4408,313,1.0097
9.4451,0,0.0000
9.4494,1005,3.2419
9.4537,1006,3.2452
9.4580,1007,3.2484
9.4622,0,0.0000
9.4665,0,0.0000
9.4708,1005,3.2419
9.4751,1006,3.2452
9.4794,1002,3.2323
9.4837,0,0.0000
9.4880,728,2.3484
9.4923,1003,3.2355
9.4966,1006,3.2452
9.5008,394,1.2710
9.5051,0,0.0000
9.5095,1005,3.2419
9.5138,1006,3.2452
9.5181,1006,3.2452
9.5223,0,0.0000
9.5267,0,0.0000
9.5310,1005,3.2419
9.5353,1004,3.2387
9.5396,868,2.8000
9.5439,0,0.0000
9.5482,509,1.6419
9.5525,1006,3.2452
9.5568,1006,3.2452
9.5611,0,0.0000
9.5653,0,0.0000
9.5696,1006,3.2452
9.5739,1005,3.2419
9.5782,1005,3.2419
9.5825,0,0.0000
9.5868,0,0.0000
9.5911,1007,3.2484
9.5954,1006,3.2452
9.5997,806,2.6000
9.6040,0,0.0000
9.6083,608,1.9613
9.6126,1006,3.2452
9.6169,1006,3.2452
9.6212,0,0.0000
9.6255,0,0.0000
9.6298,1006,3.2452
9.6341,1006,3.2452
9.6383,1004,3.2387
9.6426,0,0.0000
9.6469,84,0.2710
9.6512,1005,3.2419
9.6555,1004,3.2387
9.6598,834,2.6903
9.6641,0,0.0000
9.6683,1002,3.2323
9.6726,1005,3.2419
9.6769,1005,3.2419
9.6812,18,0.0581
9.6855,0,0.0000
9.6898,1006,3.2452
9.6941,1006,3.2452
9.6984,1005,3.2419
9.7026,0,0.0000
9.7069,60,0.1935
9.7112,1004,3.2387
9.7155,1005,3.2419
9.7198,781,2.5194
9.7241,0,0.0000
9.7283,718,2.3161
9.7327,1006,3.2452
9.7369,1005,3.2419
9.7412,0,0.0000
9.7455,0,0.0000
9.7498,1006,3.2452
9.7541,1006,3.2452
9.7584,1005,3.2419
9.7627,0,0.0000
9.7670,370,1.1935
9.7713,1007,3.2484
9.7756,1005,3.2419
9.7799,829,2.6742
9.7842,0,0.0000
9.7885,953,3.0742
9.7928,1005,3.2419
9.7970,1005,3.2419
9.8013,0,0.0000
9.8057,0,0.0000
9.8099,1005,3.2419
9.8142,1006,3.2452
9.8185,1004,3.2387
9.8228,0,0.0000
9.8271,570,1.8387
9.8314,1006,3.2452
9.8357,1006,3.2452
9.8400,803,2.5903
9.8443,0,0.0000
9.8486,1005,3.2419
9.8528,1004,3.2387
9.8571,1005,3.2419
9.8614,0,0.0000
9.8657,0,0.0000
9.8700,1006,3.2452
9.8743,1006,3.2452
9.8786,1002,3.2323
9.8829,0,0.0000
9.8872,178,0.5742
9.8915,1005,3.2419
9.8958,1003,3.2355
9.9001,522,1.6839
9.9044,0,0.0000
9.9086,1005,3.2419
9.9129,1006,3.2452
9.9172,1005,3.2419
9.9215,0,0.0000
9.9258,0,0.0000
9.9301,1006,3.2452
9.9344,1005,3.2419
9.9387,1002,3.2323
9.9429,0,0.0000
9.9473,596,1.9226
9.9515,1005,3.2419
9.9558,1006,3.2452
9.9601,619,1.9968
9.9644,0,0.0000
9.9687,1006,3.2452
9.9731,1006,3.2452
9.9773,1004,3.2387
9.9817,0,0.0000
9.9859,0,0.0000
9.9902,1005,3.2419
9.9945,1005,3.2419
9.9988,997,3.2161
